lodash,github.com/lodash/lodash.git
chalk,github.com/chalk/chalk.git
request,github.com/request/request.git
commander,github.com/tj/commander.js.git
react,github.com/facebook/react.git
express,github.com/expressjs/express.git
debug,github.com/visionmedia/debug.git
async,github.com/caolan/async.git
fs-extra,github.com/jprichardson/node-fs-extra.git
moment,github.com/moment/moment.git
prop-types,github.com/facebook/prop-types.git
react-dom,github.com/facebook/react.git
bluebird,github.com/petkaantonov/bluebird.git
underscore,github.com/jashkenas/underscore.git
vue,github.com/vuejs/vue.git
axios,github.com/axios/axios.git
tslib,github.com/Microsoft/tslib.git
mkdirp,github.com/isaacs/node-mkdirp.git
glob,github.com/isaacs/node-glob.git
yargs,github.com/yargs/yargs.git
colors,github.com/Marak/colors.js.git
inquirer,github.com/SBoudrias/Inquirer.js.git
webpack,github.com/webpack/webpack.git
uuid,github.com/uuidjs/uuid.git
classnames,github.com/JedWatson/classnames.git
minimist,github.com/substack/minimist.git
body-parser,github.com/expressjs/body-parser.git
rxjs,github.com/reactivex/rxjs.git
babel-runtime,github.com/babel/babel/tree/master/packages/babel-runtime
jquery,github.com/jquery/jquery.git
yeoman-generator,github.com/yeoman/generator.git
through2,github.com/rvagg/through2.git
babel-core,github.com/babel/babel/tree/master/packages/babel-core
core-js,github.com/zloirock/core-js.git
semver,github.com/npm/node-semver.git
babel-loader,github.com/babel/babel-loader.git
cheerio,github.com/cheeriojs/cheerio.git
rimraf,github.com/isaacs/rimraf.git
q,github.com/kriskowal/q.git
eslint,github.com/eslint/eslint.git
css-loader,github.com/webpack-contrib/css-loader.git
shelljs,github.com/shelljs/shelljs.git
dotenv,github.com/motdotla/dotenv.git
typescript,github.com/Microsoft/TypeScript.git
@types/node,github.com/DefinitelyTyped/DefinitelyTyped.git
@angular/core,github.com/angular/angular.git
js-yaml,github.com/nodeca/js-yaml.git
style-loader,github.com/webpack-contrib/style-loader.git
winston,github.com/winstonjs/winston.git
@angular/common,github.com/angular/angular.git
redux,github.com/reduxjs/redux.git
object-assign,github.com/sindresorhus/object-assign.git
zone.js,github.com/angular/angular.git
babel-eslint,github.com/babel/babel-eslint.git
gulp,github.com/gulpjs/gulp.git
gulp-util,github.com/gulpjs/gulp-util.git
file-loader,github.com/webpack-contrib/file-loader.git
ora,github.com/sindresorhus/ora.git
node-fetch,github.com/bitinn/node-fetch.git
@angular/platform-browser,github.com/angular/angular.git
@babel/runtime,github.com/babel/babel.git
handlebars,github.com/wycats/handlebars.js.git
eslint-plugin-import,github.com/benmosher/eslint-plugin-import.git
@angular/compiler,github.com/angular/angular.git
eslint-plugin-react,github.com/yannickcr/eslint-plugin-react.git
aws-sdk,github.com/aws/aws-sdk-js.git
yosay,github.com/yeoman/yosay.git
url-loader,github.com/webpack-contrib/url-loader.git
@angular/forms,github.com/angular/angular.git
webpack-dev-server,github.com/webpack/webpack-dev-server.git
@angular/platform-browser-dynamic,github.com/angular/angular.git
mocha,github.com/mochajs/mocha.git
html-webpack-plugin,github.com/jantimon/html-webpack-plugin.git
socket.io,github.com/socketio/socket.io.git
ws,github.com/websockets/ws.git
babel-preset-es2015,github.com/babel/babel/tree/master/packages/babel-preset-es2015
postcss-loader,github.com/webpack-contrib/postcss-loader.git
node-sass,github.com/sass/node-sass.git
ember-cli-babel,github.com/babel/ember-cli-babel.git
babel-polyfill,github.com/babel/babel/tree/master/packages/babel-polyfill
@angular/router,github.com/angular/angular.git
ramda,github.com/ramda/ramda.git
react-redux,github.com/reduxjs/react-redux.git
@babel/core,github.com/babel/babel.git
@angular/http,github.com/angular/angular.git
ejs,github.com/mde/ejs.git
coffee-script,github.com/jashkenas/coffeescript.git
superagent,github.com/visionmedia/superagent.git
request-promise,github.com/request/request-promise.git
autoprefixer,github.com/postcss/autoprefixer.git
path,github.com/jinder/path.git
mongodb,github.com/mongodb/node-mongodb-native.git
chai,github.com/chaijs/chai.git
mongoose,github.com/Automattic/mongoose.git
xml2js,github.com/Leonidas-from-XIV/node-xml2js.git
bootstrap,github.com/twbs/bootstrap.git
jest,github.com/facebook/jest.git
sass-loader,github.com/webpack-contrib/sass-loader.git
redis,github.com/NodeRedis/node-redis.git
vue-router,github.com/vuejs/vue-router.git
chokidar,github.com/paulmillr/chokidar.git
co,github.com/tj/co.git
eslint-plugin-jsx-a11y,github.com/evcohen/eslint-plugin-jsx-a11y.git
nan,github.com/nodejs/nan.git
optimist,github.com/substack/node-optimist.git
promise,github.com/then/promise.git
@angular/animations,github.com/angular/angular.git
postcss,github.com/postcss/postcss.git
morgan,github.com/expressjs/morgan.git
less,github.com/less/less.js.git
immutable,github.com/facebook/immutable-js.git
qs,github.com/ljharb/qs.git
loader-utils,github.com/webpack/loader-utils.git
fs,github.com/npm/security-holder.git
extract-text-webpack-plugin,github.com/webpack-contrib/extract-text-webpack-plugin.git
marked,github.com/markedjs/marked.git
mime,github.com/broofa/mime.git
@alifd/next,github.com/alibaba-fusion/next.git
meow,github.com/sindresorhus/meow.git
styled-components,github.com/styled-components/styled-components.git
resolve,github.com/browserify/resolve.git
reflect-metadata,github.com/rbuckton/reflect-metadata.git
babel-preset-react,github.com/babel/babel/tree/master/packages/babel-preset-react
jsonwebtoken,github.com/auth0/node-jsonwebtoken.git
react-router-dom,github.com/ReactTraining/react-router.git
extend,github.com/justmoon/node-extend.git
cookie-parser,github.com/expressjs/cookie-parser.git
whatwg-fetch,github.com/github/fetch.git
babel-preset-env,github.com/babel/babel-preset-env.git
babel-jest,github.com/facebook/jest.git
mysql,github.com/mysqljs/mysql.git
joi,github.com/sideway/joi.git
minimatch,github.com/isaacs/minimatch.git
eslint-loader,github.com/webpack-contrib/eslint-loader.git
react-dev-utils,github.com/facebook/create-react-app.git
node-uuid,github.com/broofa/node-uuid.git
es6-promise,github.com/stefanpenner/es6-promise.git
cross-spawn,github.com/moxystudio/node-cross-spawn.git
case-sensitive-paths-webpack-plugin,github.com/Urthen/case-sensitive-paths-webpack-plugin.git
uglify-js,github.com/mishoo/UglifyJS.git
cors,github.com/expressjs/cors.git
eslint-plugin-flowtype,github.com/gajus/eslint-plugin-flowtype.git
react-router,github.com/ReactTraining/react-router.git
@babel/preset-env,github.com/babel/babel.git
deepmerge,github.com/TehShrike/deepmerge.git
socket.io-client,github.com/socketio/socket.io-client.git
npm,github.com/npm/cli.git
webpack-manifest-plugin,github.com/shellscape/webpack-manifest-plugin.git
koa,github.com/koajs/koa.git
isomorphic-fetch,github.com/matthew-andrews/isomorphic-fetch.git
babel-cli,github.com/babel/babel/tree/master/packages/babel-cli
del,github.com/sindresorhus/del.git
postcss-flexbugs-fixes,github.com/luisrudge/postcss-flexbugs-fixes.git
compression,github.com/expressjs/compression.git
update-notifier,github.com/yeoman/update-notifier.git
babel-preset-react-app,github.com/facebook/create-react-app.git
jade,github.com/jadejs/jade.git
prompt,github.com/flatiron/prompt.git
gulp-rename,github.com/hparra/gulp-rename.git
angular,github.com/angular/angular.js.git
underscore.string,github.com/epeli/underscore.string.git
graphql,github.com/graphql/graphql-js.git
execa,github.com/sindresorhus/execa.git
browserify,github.com/browserify/browserify.git
opn,github.com/sindresorhus/open.git
validator,github.com/validatorjs/validator.js.git
eslint-config-react-app,github.com/facebook/create-react-app.git
vuex,github.com/vuejs/vuex.git
prettier,github.com/prettier/prettier.git
invariant,github.com/zertosh/invariant.git
jsdom,github.com/jsdom/jsdom.git
@types/react,github.com/DefinitelyTyped/DefinitelyTyped.git
redux-thunk,github.com/reduxjs/redux-thunk.git
mini-css-extract-plugin,github.com/webpack-contrib/mini-css-extract-plugin.git
globby,github.com/sindresorhus/globby.git
pg,github.com/brianc/node-postgres.git
got,github.com/sindresorhus/got.git
ajv,github.com/ajv-validator/ajv.git
xtend,github.com/Raynos/xtend.git
ember-cli-htmlbars,github.com/ember-cli/ember-cli-htmlbars.git
babel-plugin-transform-runtime,github.com/babel/babel/tree/master/packages/babel-plugin-transform-runtime
nodemailer,github.com/nodemailer/nodemailer.git
source-map-support,github.com/evanw/node-source-map-support.git
express-session,github.com/expressjs/session.git
d3,github.com/d3/d3.git
less-loader,github.com/webpack-contrib/less-loader.git
fsevents,github.com/fsevents/fsevents.git
babel-preset-stage-0,github.com/babel/babel/tree/master/packages/babel-preset-stage-0
download-git-repo,github.comgit+https://gitlab.com/flippidippi/download-git-repo.git
query-string,github.com/sindresorhus/query-string.git
font-awesome,github.com/FortAwesome/Font-Awesome.git
open,github.com/sindresorhus/open.git
passport,github.com/jaredhanson/passport.git
@types/lodash,github.com/DefinitelyTyped/DefinitelyTyped.git
grunt,github.com/gruntjs/grunt.git
path-to-regexp,github.com/pillarjs/path-to-regexp.git
mustache,github.com/janl/mustache.js.git
inherits,github.com/isaacs/inherits.git
tmp,github.com/raszi/node-tmp.git
md5,github.com/pvorb/node-md5.git
dotenv-expand,
crypto-js,github.com/brix/crypto-js.git
request-promise-native,github.com/request/request-promise-native.git
through,github.com/dominictarr/through.git
connect,github.com/senchalabs/connect.git
raf,github.com/chrisdickinson/raf.git
react-scripts,github.com/facebook/create-react-app.git
readable-stream,github.com/nodejs/readable-stream.git
highlight.js,github.com/highlightjs/highlight.js.git
@babel/polyfill,github.com/babel/babel.git
progress,github.com/visionmedia/node-progress.git
optimize-css-assets-webpack-plugin,github.com/NMFR/optimize-css-assets-webpack-plugin.git
iconv-lite,github.com/ashtuchkin/iconv-lite.git
bunyan,github.com/trentm/node-bunyan.git
gulp-uglify,github.com/terinjokes/gulp-uglify.git
koa-router,github.com/koajs/router.git
ncp,github.com/AvianFlu/ncp.git
lodash.merge,github.com/lodash/lodash.git
lru-cache,github.com/isaacs/node-lru-cache.git
moment-timezone,github.com/moment/moment-timezone.git
figlet,github.com/patorjk/figlet.js.git
history,github.com/ReactTraining/history.git
readline-sync,github.com/anseki/readline-sync.git
pluralize,github.com/blakeembrey/pluralize.git
url,github.com/defunctzombie/node-url.git
log4js,github.com/log4js-node/log4js-node.git
cli-table,github.com/Automattic/cli-table.git
webpack-merge,github.com/survivejs/webpack-merge.git
archiver,github.com/archiverjs/node-archiver.git
babel-register,github.com/babel/babel/tree/master/packages/babel-register
eslint-config-airbnb,github.com/airbnb/javascript.git
clone,github.com/pvorb/node-clone.git
jsonfile,github.com/jprichardson/node-jsonfile.git
puppeteer,github.com/puppeteer/puppeteer.git
shortid,github.com/dylang/shortid.git
@babel/plugin-proposal-class-properties,github.com/babel/babel.git
querystring,github.com/Gozala/querystring.git
serve-static,github.com/expressjs/serve-static.git
tslint,github.com/palantir/tslint.git
pug,github.com/pugjs/pug/tree/master/packages/pug
config,github.com/lorenwest/node-config.git
source-map,github.com/mozilla/source-map.git
antd,github.com/ant-design/ant-design.git
concat-stream,github.com/maxogden/concat-stream.git
element-ui,github.com/ElemeFE/element.git
lodash.get,github.com/lodash/lodash.git
@babel/preset-react,github.com/babel/babel.git
serve-favicon,github.com/expressjs/serve-favicon.git
stylus,github.com/stylus/stylus.git
date-fns,github.com/date-fns/date-fns.git
esprima,github.com/jquery/esprima.git
sequelize,github.com/sequelize/sequelize.git
babel-plugin-transform-object-rest-spread,github.com/babel/babel/tree/master/packages/babel-plugin-transform-object-rest-spread
bindings,github.com/TooTallNate/node-bindings.git
events,github.com/Gozala/events.git
graceful-fs,github.com/isaacs/node-graceful-fs.git
normalize.css,github.com/necolas/normalize.css.git
crypto,github.com/npm/deprecate-holder.git
cross-env,github.com/kentcdodds/cross-env.git
mime-types,github.com/jshttp/mime-types.git
event-stream,github.com/dominictarr/event-stream.git
hoist-non-react-statics,github.com/mridgway/hoist-non-react-statics.git
gulp-concat,github.com/contra/gulp-concat.git
terser-webpack-plugin,github.com/webpack-contrib/terser-webpack-plugin.git
json-loader,github.com/webpack/json-loader.git
warning,github.com/BerkeleyTrue/warning.git
bignumber.js,github.com/MikeMcl/bignumber.js.git
eventemitter3,github.com/primus/eventemitter3.git
webpack-cli,github.com/webpack/webpack-cli.git
strip-ansi,github.com/chalk/strip-ansi.git
cli-color,github.com/medikoo/cli-color.git
form-data,github.com/form-data/form-data.git
web3,github.com/ethereum/web3.js.git
gulp-sourcemaps,github.com/gulp-sourcemaps/gulp-sourcemaps.git
webpack-dev-middleware,github.com/webpack/webpack-dev-middleware.git
ip,github.com/indutny/node-ip.git
camelcase,github.com/sindresorhus/camelcase.git
sw-precache-webpack-plugin,github.com/goldhand/sw-precache-webpack-plugin.git
merge,github.com/yeikos/js.merge.git
http-proxy,github.com/http-party/node-http-proxy.git
react-transition-group,github.com/reactjs/react-transition-group.git
multer,github.com/expressjs/multer.git
deep-equal,github.com/inspect-js/node-deep-equal.git
browser-sync,github.com/BrowserSync/browser-sync.git
babel,github.com/babel/babel/tree/master/packages/babel
dateformat,github.com/felixge/node-dateformat.git
postcss-preset-env,github.com/csstools/postcss-preset-env.git
uglifyjs-webpack-plugin,github.com/webpack-contrib/uglifyjs-webpack-plugin.git
@polymer/polymer,github.com/Polymer/polymer.git
sinon,github.com/sinonjs/sinon.git
eslint-config-prettier,github.com/prettier/eslint-config-prettier.git
gulp-sass,github.com/dlmanning/gulp-sass.git
identity-obj-proxy,github.com/keyanzhang/identity-obj-proxy.git
ts-loader,github.com/TypeStrong/ts-loader.git
react-hot-loader,github.com/gaearon/react-hot-loader.git
sqlite3,github.com/mapbox/node-sqlite3.git
popper.js,github.com/FezVrasta/popper.js.git
which,github.com/isaacs/node-which.git
markdown-it,github.com/markdown-it/markdown-it.git
tar,github.com/npm/node-tar.git
vue-template-compiler,github.com/vuejs/vue.git
babel-plugin-transform-class-properties,github.com/babel/babel/tree/master/packages/babel-plugin-transform-class-properties
js-beautify,github.com/beautify-web/js-beautify.git
log-symbols,github.com/sindresorhus/log-symbols.git
webpack-hot-middleware,github.com/webpack-contrib/webpack-hot-middleware.git
rollup,github.com/rollup/rollup.git
copy-webpack-plugin,github.com/webpack-contrib/copy-webpack-plugin.git
nodemon,github.com/remy/nodemon.git
boom,github.com/hapijs/boom.git
xmldom,github.com/xmldom/xmldom.git
recompose,github.com/acdlite/recompose.git
util,github.com/browserify/node-util.git
ini,github.com/isaacs/ini.git
pify,github.com/sindresorhus/pify.git
command-line-args,github.com/75lb/command-line-args.git
vinyl,github.com/gulpjs/vinyl.git
mz,github.com/normalize/mz.git
lodash.debounce,github.com/lodash/lodash.git
html-minifier,github.com/kangax/html-minifier.git
ts-node,github.com/TypeStrong/ts-node.git
nconf,github.com/flatiron/nconf.git
recursive-readdir,github.com/jergason/recursive-readdir.git
vue-loader,github.com/vuejs/vue-loader.git
@types/express,github.com/DefinitelyTyped/DefinitelyTyped.git
datafire,
@types/react-dom,github.com/DefinitelyTyped/DefinitelyTyped.git
babel-plugin-transform-decorators-legacy,github.com/loganfsmyth/babel-plugin-transform-decorators-legacy.git
clean-css,github.com/jakubpawlowicz/clean-css.git
hoek,github.com/hapijs/hoek.git
cookie,github.com/jshttp/cookie.git
@babel/plugin-transform-runtime,github.com/babel/babel.git
when,github.com/cujojs/when.git
babel-plugin-named-asset-import,github.com/facebook/create-react-app.git
postcss-safe-parser,github.com/postcss/postcss-safe-parser.git
bcrypt,github.com/kelektiv/node.bcrypt.js.git
@material-ui/core,github.com/mui-org/material-ui.git
@babel/plugin-syntax-dynamic-import,github.com/babel/babel/tree/master/packages/babel-plugin-syntax-dynamic-import
nunjucks,github.com/mozilla/nunjucks.git
eslint-plugin-promise,github.com/xjamundx/eslint-plugin-promise.git
react-native,github.com/facebook/react-native.git
lodash.isequal,github.com/lodash/lodash.git
workbox-webpack-plugin,github.com/googlechrome/workbox.git
acorn,github.com/acornjs/acorn.git
amqplib,github.com/squaremo/amqp.node.git
@svgr/webpack,github.com/gregberge/svgr/tree/master/packages/webpack
color,github.com/Qix-/color.git
ms,github.com/vercel/ms.git
js-cookie,github.com/js-cookie/js-cookie.git
temp,github.com/bruce/node-temp.git
simple-git,github.com/steveukx/git-js.git
cssnano,github.com/cssnano/cssnano.git
reselect,github.com/reduxjs/reselect.git
yamljs,github.com/jeremyfa/yaml.js.git
ioredis,github.com/luin/ioredis.git
koa-static,github.com/koajs/static.git
react-app-polyfill,github.com/facebook/create-react-app.git
react-select,github.com/JedWatson/react-select/tree/master/packages/react-select
escape-string-regexp,github.com/sindresorhus/escape-string-regexp.git
firebase,github.com/firebase/firebase-js-sdk.git
bn.js,github.com/indutny/bn.js.git
escodegen,github.com/estools/escodegen.git
react-bootstrap,github.com/react-bootstrap/react-bootstrap.git
babelify,github.com/babel/babelify.git
helmet,github.com/helmetjs/helmet.git
nopt,github.com/npm/nopt.git
eslint-plugin-prettier,github.com/prettier/eslint-plugin-prettier.git
jest-resolve,github.com/facebook/jest.git
knex,github.com/knex/knex.git
pnp-webpack-plugin,github.com/arcanis/pnp-webpack-plugin.git
gulp-if,github.com/robrich/gulp-if.git
assert,github.com/browserify/commonjs-assert.git
global,github.com/Raynos/global.git
npmlog,github.com/npm/npmlog.git
backbone,github.com/jashkenas/backbone.git
graphql-tag,github.com/apollographql/graphql-tag.git
raw-loader,github.com/webpack-contrib/raw-loader.git
run-sequence,github.com/OverZealous/run-sequence.git
lodash.clonedeep,github.com/lodash/lodash.git
@oclif/command,github.com/oclif/command.git
http-proxy-middleware,github.com/chimurai/http-proxy-middleware.git
gulp-babel,github.com/babel/gulp-babel.git
@oclif/config,github.com/oclif/config.git
vinyl-fs,github.com/gulpjs/vinyl-fs.git
lodash.throttle,github.com/lodash/lodash.git
passport-local,github.com/jaredhanson/passport-local.git
eventemitter2,github.com/hij1nx/EventEmitter2.git
mqtt,github.com/mqttjs/MQTT.js.git
unique-random-array,github.com/sindresorhus/unique-random-array.git
buffer,github.com/feross/buffer.git
redux-saga,github.com/redux-saga/redux-saga/tree/master/packages/core
react-router-redux,github.com/reactjs/react-router-redux.git
jszip,github.com/Stuk/jszip.git
koa-bodyparser,github.com/koajs/bodyparser.git
async-validator,github.com/yiminghe/async-validator.git
babel-preset-stage-2,github.com/babel/babel/tree/master/packages/babel-preset-stage-2
node-notifier,github.com/mikaelbr/node-notifier.git
eslint-config-airbnb-base,github.com/airbnb/javascript.git
material-ui,github.com/callemall/material-ui.git
validate-npm-package-name,github.com/npm/validate-npm-package-name.git
clean-webpack-plugin,github.com/johnagan/clean-webpack-plugin.git
hammerjs,github.com/hammerjs/hammer.js.git
redux-logger,github.com/theaqua/redux-logger.git
htmlparser2,github.com/fb55/htmlparser2.git
html-loader,github.com/webpack-contrib/html-loader.git
filesize,github.com/avoidwork/filesize.js.git
gulp-plumber,github.com/floatdrop/gulp-plumber.git
consolidate,github.com/tj/consolidate.js.git
pkginfo,github.com/indexzero/node-pkginfo.git
serialport,github.com/serialport/node-serialport.git
clear,github.com/bahamas10/node-clear.git
should,github.com/shouldjs/should.js.git
json5,github.com/json5/json5.git
change-case,github.com/blakeembrey/change-case.git
@babel/plugin-proposal-object-rest-spread,github.com/babel/babel.git
eslint-plugin-node,github.com/mysticatea/eslint-plugin-node.git
app-root-path,github.com/inxilpro/node-app-root-path.git
create-react-class,github.com/facebook/react.git
postcss-import,github.com/postcss/postcss-import.git
@angular/cdk,github.com/angular/components.git
webpack-bundle-analyzer,github.com/webpack-contrib/webpack-bundle-analyzer.git
JSONStream,github.com/dominictarr/JSONStream.git
pump,github.com/mafintosh/pump.git
babylon,github.com/babel/babylon.git
mobx,github.com/mobxjs/mobx.git
adm-zip,github.com/cthackers/adm-zip.git
deep-extend,github.com/unclechu/node-deep-extend.git
rc,github.com/dominictarr/rc.git
http,github.com/npm/security-holder.git
@angular/material,github.com/angular/components.git
eslint-config-standard,github.com/standard/eslint-config-standard.git
eslint-plugin-standard,github.com/standard/eslint-plugin-standard.git
once,github.com/isaacs/once.git
numeral,github.com/adamwdraper/Numeral-js.git
@typescript-eslint/parser,github.com/typescript-eslint/typescript-eslint.git
prismjs,github.com/PrismJS/prism.git
hapi,github.com/hapijs/hapi.git
url-parse,github.com/unshiftio/url-parse.git
@babel/cli,github.com/babel/babel.git
eslint-plugin-react-hooks,github.com/facebook/react.git
plugin-error,github.com/gulpjs/plugin-error.git
@typescript-eslint/eslint-plugin,github.com/typescript-eslint/typescript-eslint.git
require-dir,github.com/aseemk/requireDir.git
gulp-autoprefixer,github.com/sindresorhus/gulp-autoprefixer.git
url-join,github.com/jfromaniello/url-join.git
istanbul,github.com/gotwarlost/istanbul.git
echarts,github.com/apache/echarts.git
bower,
resize-observer-polyfill,github.com/que-etc/resize-observer-polyfill.git
bcryptjs,github.com/dcodeIO/bcrypt.js.git
lodash.assign,github.com/lodash/lodash.git
gm,github.com/aheckmann/gm.git
babel-plugin-add-module-exports,github.com/59naga/babel-plugin-add-module-exports.git
diff,github.com/kpdecker/jsdiff.git
argparse,github.com/nodeca/argparse.git
react-helmet,github.com/nfl/react-helmet.git
stylelint,github.com/stylelint/stylelint.git
string,github.com/jprichardson/string.js.git
protobufjs,github.com/protobufjs/protobuf.js.git
find-up,github.com/sindresorhus/find-up.git
esm,github.com/standard-things/esm.git
sprintf-js,github.com/alexei/sprintf.js.git
rollup-plugin-node-resolve,github.com/rollup/rollup-plugin-node-resolve.git
configstore,github.com/yeoman/configstore.git
download,github.com/kevva/download.git
traverse,github.com/substack/js-traverse.git
websocket,github.com/theturtle32/WebSocket-Node.git
codemirror,github.com/codemirror/CodeMirror.git
bs58,github.com/cryptocoinjs/bs58.git
googleapis,github.com/googleapis/google-api-nodejs-client.git
method-override,github.com/expressjs/method-override.git
formidable,github.com/node-formidable/formidable.git
tape,github.com/substack/tape.git
karma,github.com/karma-runner/karma.git
json-stringify-safe,github.com/isaacs/json-stringify-safe.git
elasticsearch,github.com/elastic/elasticsearch-js-legacy.git
split,github.com/dominictarr/split.git
safe-buffer,github.com/feross/safe-buffer.git
rsvp,github.com/tildeio/rsvp.js.git
@oclif/plugin-help,github.com/oclif/plugin-help.git
github,github.com/octokit/rest.js.git
xlsx,github.com/SheetJS/sheetjs.git
tinycolor2,github.com/bgrins/TinyColor.git
lodash-es,github.com/lodash/lodash.git
@babel/plugin-proposal-decorators,github.com/babel/babel.git
connect-history-api-fallback,github.com/bripkens/connect-history-api-fallback.git
@material-ui/icons,github.com/mui-org/material-ui.git
jsonschema,github.com/tdegrunt/jsonschema.git
portfinder,github.com/http-party/node-portfinder.git
fbjs,github.com/facebook/fbjs.git
boxen,github.com/sindresorhus/boxen.git
css,github.com/reworkcss/css.git
elliptic,github.com/indutny/elliptic.git
sharp,github.com/lovell/sharp.git
http-errors,github.com/jshttp/http-errors.git
co-prompt,
walk,github.comhttps://git.coolaj86.com/coolaj86/fs-walk.js.git
restify,github.com/restify/node-restify.git
three,github.com/mrdoob/three.js.git
metalsmith,github.com/segmentio/metalsmith.git
json-stable-stringify,github.com/substack/json-stable-stringify.git
webpack-node-externals,github.com/liady/webpack-node-externals.git
requirejs,github.com/jrburke/r.js.git
regenerator-runtime,github.com/facebook/regenerator/tree/master/packages/regenerator-runtime
xmlbuilder,github.com/oozcitak/xmlbuilder-js.git
unzip,github.com/EvanOxfeld/node-unzip.git
path-exists,github.com/sindresorhus/path-exists.git
rollup-plugin-commonjs,github.com/rollup/rollup-plugin-commonjs.git
throttle-debounce,github.com/niksy/throttle-debounce.git
user-home,github.com/sindresorhus/user-home.git
cron,github.com/kelektiv/node-cron.git
xmlhttprequest,github.com/driverdan/node-XMLHttpRequest.git
faker,github.com/Marak/Faker.js.git
systemjs,github.com/systemjs/systemjs.git
inflection,github.com/dreamerslab/node.inflection.git
canvas,github.com/Automattic/node-canvas.git
get-stdin,github.com/sindresorhus/get-stdin.git
babel-types,github.com/babel/babel/tree/master/packages/babel-types
read-pkg-up,github.com/sindresorhus/read-pkg-up.git
graphql-tools,github.com/ardatan/graphql-tools.git
@types/jest,github.com/DefinitelyTyped/DefinitelyTyped.git
escape-html,github.com/component/escape-html
broccoli-merge-trees,github.com/broccolijs/broccoli-merge-trees.git
ssh2,github.com/mscdex/ssh2.git
sax,github.com/isaacs/sax-js.git
child_process,github.com/npm/security-holder.git
leaflet,github.com/Leaflet/Leaflet.git
wrench,github.com/ryanmcgrath/wrench-js.git
rx,github.com/Reactive-Extensions/RxJS.git
ethereumjs-util,github.com/ethereumjs/ethereumjs-util.git
jimp,github.com/oliver-moran/jimp.git
enzyme,github.com/airbnb/enzyme.git
prettyjson,github.com/rafeca/prettyjson.git
image-size,github.com/image-size/image-size.git
bfj,github.comgit+https://gitlab.com/philbooth/bfj.git
micromatch,github.com/micromatch/micromatch.git
gulp-watch,github.com/floatdrop/gulp-watch.git
redux-actions,github.com/redux-utilities/redux-actions.git
lit-element,github.com/lit/lit-element.git
discord.js,github.com/discordjs/discord.js.git
gulp-less,github.com/gulp-community/gulp-less.git
jshint,github.com/jshint/jshint.git
vinyl-source-stream,github.com/hughsk/vinyl-source-stream.git
send,github.com/pillarjs/send.git
mysql2,github.com/sidorares/node-mysql2.git
@types/jquery,github.com/DefinitelyTyped/DefinitelyTyped.git
user,
slash,github.com/sindresorhus/slash.git
es6-shim,github.com/paulmillr/es6-shim.git
watch,github.com/mikeal/watch.git
debounce,github.com/component/debounce.git
d3-scale,github.com/d3/d3-scale.git
babel-helper-vue-jsx-merge-props,github.com/vuejs/babel-helper-vue-jsx-merge-props.git
file-saver,github.com/eligrey/FileSaver.js.git
pull-stream,github.com/pull-stream/pull-stream.git
lodash.omit,github.com/lodash/lodash.git
koa-compose,github.com/koajs/compose.git
chart.js,github.com/chartjs/Chart.js.git
gulp-replace,github.com/lazd/gulp-replace.git
shallowequal,github.com/dashed/shallowequal.git
cli-spinner,github.com/helloIAmPau/node-spinner.git
object-path,github.com/mariocasciaro/object-path.git
react-intl,github.com/formatjs/formatjs.git
mobx-react,github.com/mobxjs/mobx.git
webpack-sources,github.com/webpack/webpack-sources.git
flat,github.com/hughsk/flat.git
methods,github.com/jshttp/methods
jasmine,github.com/jasmine/jasmine-npm.git
jest-watch-typeahead,github.com/jest-community/jest-watch-typeahead.git
react-dnd,github.com/react-dnd/react-dnd.git
object-hash,github.com/puleos/object-hash.git
eslint-plugin-babel,github.com/babel/eslint-plugin-babel.git
parse5,github.com/inikulin/parse5.git
friendly-errors-webpack-plugin,github.com/geowarin/friendly-errors-webpack-plugin.git
gulp-template,github.com/sindresorhus/gulp-template.git
broccoli-funnel,github.com/broccolijs/broccoli-funnel.git
@emotion/core,github.com/emotion-js/emotion/tree/master/removed-packages/core
lodash.pick,github.com/lodash/lodash.git
listr,github.com/SamVerschueren/listr.git
text-table,github.com/substack/text-table.git
babel-plugin-transform-es2015-modules-commonjs,github.com/babel/babel/tree/master/packages/babel-plugin-transform-es2015-modules-commonjs
lodash.set,github.com/lodash/lodash.git
watchify,github.com/browserify/watchify.git
estraverse,github.com/estools/estraverse.git
unist-util-visit,github.com/syntax-tree/unist-util-visit.git
@fortawesome/fontawesome-svg-core,github.com/FortAwesome/Font-Awesome.git
@angular/compiler-cli,github.com/angular/angular.git
strip-json-comments,github.com/sindresorhus/strip-json-comments.git
randomstring,github.com/klughammer/node-randomstring.git
node-emoji,github.com/omnidan/node-emoji.git
react-addons-css-transition-group,github.com/facebook/react.git
clui,github.com/nathanpeck/clui.git
babel-plugin-import,github.com/ant-design/babel-plugin-import.git
tslint-react,github.com/palantir/tslint-react.git
errorhandler,github.com/expressjs/errorhandler.git
blessed,github.com/chjj/blessed.git
electron,github.com/electron/electron.git
eslint-plugin-jest,github.com/jest-community/eslint-plugin-jest.git
bytes,github.com/visionmedia/bytes.js.git
deasync,github.com/abbr/deasync.git
vue-hot-reload-api,github.com/vuejs/vue-hot-reload-api.git
swig,github.com/paularmstrong/swig.git
jest-pnp-resolver,github.com/arcanis/jest-pnp-resolver.git
node-schedule,github.com/node-schedule/node-schedule.git
rollup-plugin-babel,github.com/rollup/rollup-plugin-babel.git
figures,github.com/sindresorhus/figures.git
oauth,github.com/ciaranj/node-oauth.git
nedb,github.com/louischatriot/nedb.git
detect-port,github.com/node-modules/detect-port.git
liftoff,github.com/js-cli/js-liftoff.git
@types/fs-extra,github.com/DefinitelyTyped/DefinitelyTyped.git
get-port,github.com/sindresorhus/get-port.git
stylelint-config-standard,github.com/stylelint/stylelint-config-standard.git
gulp-imagemin,github.com/sindresorhus/gulp-imagemin.git
husky,github.com/typicode/husky.git
@babel/register,github.com/babel/babel.git
gulp-install,github.com/slushjs/gulp-install.git
gzip-size,github.com/sindresorhus/gzip-size.git
node-gyp,github.com/nodejs/node-gyp.git
node-forge,github.com/digitalbazaar/forge.git
grunt-contrib-clean,github.com/gruntjs/grunt-contrib-clean.git
pm2,github.com/Unitech/pm2.git
plist,github.com/TooTallNate/node-plist.git
polished,github.com/styled-components/polished.git
@fortawesome/free-solid-svg-icons,github.com/FortAwesome/Font-Awesome.git
ts-jest,github.com/kulshekhar/ts-jest.git
react-test-renderer,github.com/facebook/react.git
grunt-contrib-watch,github.com/gruntjs/grunt-contrib-watch.git
loglevel,github.com/pimterry/loglevel.git
on-finished,github.com/jshttp/on-finished
fs-promise,github.com/kevinbeaty/fs-promise.git
levelup,github.com/Level/levelup.git
nomnom,github.com/harthur/nomnom.git
@angular-devkit/core,github.com/angular/angular-cli.git
react-dnd-html5-backend,github.com/react-dnd/react-dnd.git
react-motion,github.com/chenglou/react-motion.git
command-line-usage,github.com/75lb/command-line-usage.git
readline,github.com:maleck13/readline.git
grunt-contrib-uglify,github.com/gruntjs/grunt-contrib-uglify.git
csv-parse,github.com/wdavidw/node-csv-parse.git
js-base64,github.com/dankogai/js-base64.git
level,github.com/Level/level.git
dayjs,github.com/iamkun/dayjs.git
parseurl,github.com/pillarjs/parseurl.git
babel-preset-stage-1,github.com/babel/babel/tree/master/packages/babel-preset-stage-1
read,github.com/isaacs/read.git
lodash.defaults,github.com/lodash/lodash.git
requireindex,github.com/stephenhandley/requireindex.git
tough-cookie,github.com/salesforce/tough-cookie.git
cli,github.com/node-js-libs/cli.git
emotion,github.com/emotion-js/emotion/tree/master/packages/emotion
map-stream,github.com/dominictarr/map-stream.git
fancy-log,github.com/gulpjs/fancy-log.git
gulp-load-plugins,github.com/jackfranklin/gulp-load-plugins.git
svgo,github.com/svg/svgo.git
cross-fetch,github.com/lquixada/cross-fetch.git
is-plain-object,github.com/jonschlinkert/is-plain-object.git
source-map-loader,github.com/webpack-contrib/source-map-loader.git
@octokit/rest,github.com/octokit/rest.js.git
multimatch,github.com/sindresorhus/multimatch.git
pretty-bytes,github.com/sindresorhus/pretty-bytes.git
urijs,github.com/medialize/URI.js.git
i18next,github.com/i18next/i18next.git
@babel/types,github.com/babel/babel.git
html-entities,github.com/mdevils/html-entities.git
cosmiconfig,github.com/davidtheclark/cosmiconfig.git
pino,github.com/pinojs/pino.git
verror,github.com/davepacheco/node-verror.git
gulp-notify,github.com/mikaelbr/gulp-notify.git
merge-stream,github.com/grncdr/merge-stream.git
npm-run-all,github.com/mysticatea/npm-run-all.git
stylus-loader,github.com/webpack-contrib/stylus-loader.git
@babel/preset-typescript,github.com/babel/babel.git
grpc,github.com/grpc/grpc-node.git
he,github.com/mathiasbynens/he.git
supports-color,github.com/chalk/supports-color.git
vue-style-loader,github.com/vuejs/vue-style-loader.git
create-hash,github.com/crypto-browserify/createHash.git
touch,github.com/isaacs/node-touch.git
csv,github.com/adaltas/node-csv.git
tslint-config-prettier,github.com/prettier/tslint-config-prettier.git
lodash.camelcase,github.com/lodash/lodash.git
log-update,github.com/sindresorhus/log-update.git
lodash.isplainobject,github.com/lodash/lodash.git
apollo-client,github.com/apollographql/apollo-client.git
gulp-conflict,github.com/slushjs/gulp-conflict
@types/cordova,github.com/DefinitelyTyped/DefinitelyTyped.git
mathjs,github.com/josdejong/mathjs.git
inversify,github.com/inversify/InversifyJS.git
react-dropzone,github.com/react-dropzone/react-dropzone.git
yargs-parser,github.com/yargs/yargs-parser.git
babel-traverse,github.com/babel/babel/tree/master/packages/babel-traverse
babel-plugin-syntax-dynamic-import,github.com/babel/babel/tree/master/packages/babel-plugin-syntax-dynamic-import
raw-body,github.com/stream-utils/raw-body.git
@babel/runtime-corejs2,github.com/babel/babel.git
sync-request,github.com/ForbesLindesay/sync-request.git
@types/jasmine,github.com/DefinitelyTyped/DefinitelyTyped.git
valid-url,github.com/ogt/valid-url.git
react-tap-event-plugin,github.com/zilverline/react-tap-event-plugin.git
babel-plugin-transform-react-remove-prop-types,github.com/oliviertassinari/babel-plugin-transform-react-remove-prop-types.git
draft-js,github.com/facebook/draft-js.git
cuid,github.com/ericelliott/cuid.git
slug,github.com/Trott/slug.git
bcrypt-nodejs,github.com/shaneGirish/bcryptJS.git
@babel/parser,github.com/babel/babel.git
jwt-decode,github.com/auth0/jwt-decode.git
postcss-cssnext,github.com/MoOx/postcss-cssnext.git
react-icons,github.com/react-icons/react-icons.git
install,github.com/benjamn/install.git
basic-auth,github.com/jshttp/basic-auth.git
memory-fs,github.com/webpack/memory-fs.git
d3-selection,github.com/d3/d3-selection.git
@angular-devkit/schematics,github.com/angular/angular-cli.git
es6-promisify,github.com/mikehall314/es6-promisify.git
react-modal,github.com/reactjs/react-modal.git
redux-form,github.com/redux-form/redux-form.git
lodash.uniq,github.com/lodash/lodash.git
gulp-postcss,github.com/postcss/gulp-postcss.git
karma-chrome-launcher,github.com/karma-runner/karma-chrome-launcher.git
fast-glob,github.com/mrmlnc/fast-glob.git
file-type,github.com/sindresorhus/file-type.git
child-process-promise,github.com/patrick-steele-idem/child-process-promise.git
babel-plugin-transform-react-jsx,github.com/babel/babel/tree/master/packages/babel-plugin-transform-react-jsx
phantomjs-prebuilt,github.com/Medium/phantomjs.git
@angular/platform-server,github.com/angular/angular.git
brfs,github.com/substack/brfs.git
tar-fs,github.com/mafintosh/tar-fs.git
clipboard,github.com/zenorocha/clipboard.js.git
nyc,github.com/istanbuljs/nyc.git
phantomjs,github.com/Medium/phantomjs.git
vinyl-buffer,github.com/hughsk/vinyl-buffer.git
clipboardy,github.com/sindresorhus/clipboardy.git
lodash.isfunction,github.com/lodash/lodash.git
btoa,github.comgit://git.coolaj86.com/coolaj86/btoa.js.git
rxjs-compat,
fork-ts-checker-webpack-plugin,github.com/TypeStrong/fork-ts-checker-webpack-plugin.git
@types/request,github.com/DefinitelyTyped/DefinitelyTyped.git
recast,github.com/benjamn/recast.git
d3-array,github.com/d3/d3-array.git
gulp-jshint,github.com/spalger/gulp-jshint.git
base-64,github.com/mathiasbynens/base64.git
make-dir,github.com/sindresorhus/make-dir.git
https,
sanitize-filename,github.com/parshap/node-sanitize-filename.git
bip39,github.com/bitcoinjs/bip39.git
vue-class-component,github.com/vuejs/vue-class-component.git
needle,github.com/tomas/needle.git
keycode,github.com/timoxley/keycode.git
grunt-contrib-copy,github.com/gruntjs/grunt-contrib-copy.git
selenium-webdriver,github.com/SeleniumHQ/selenium.git
opener,github.com/domenic/opener.git
common-tags,github.com/declandewet/common-tags.git
is-wsl,github.com/sindresorhus/is-wsl.git
koa-body,github.com/dlau/koa-body.git
lodash.isstring,github.com/lodash/lodash.git
lodash.template,github.com/lodash/lodash.git
nodegit,github.com/nodegit/nodegit.git
command-exists,github.com/mathisonian/command-exists.git
fstream,github.com/npm/fstream.git
node-cache,github.com/node-cache/node-cache.git
node-watch,github.com/yuanchuan/node-watch.git
convert-source-map,github.com/thlorenz/convert-source-map.git
@types/uuid,github.com/DefinitelyTyped/DefinitelyTyped.git
imagemin,github.com/imagemin/imagemin.git
gulp-filter,github.com/sindresorhus/gulp-filter.git
vue-property-decorator,github.com/kaorun343/vue-property-decorator.git
gaze,github.com/shama/gaze.git
supertest,github.com/visionmedia/supertest.git
stack-trace,github.com/felixge/node-stack-trace.git
gulp-clean-css,github.com/scniro/gulp-clean-css.git
chance,github.com/chancejs/chancejs.git
gulp-typescript,github.com/ivogabe/gulp-typescript.git
lowdb,github.com/typicode/lowdb.git
generic-pool,github.com/coopernurse/node-pool.git
assert-plus,github.com/mcavage/node-assert-plus.git
eslint-plugin-vue,github.com/vuejs/eslint-plugin-vue.git
gulp-minify-css,
is-url,github.com/segmentio/is-url.git
urllib,github.com/node-modules/urllib.git
babel-generator,github.com/babel/babel/tree/master/packages/babel-generator
immer,github.com/immerjs/immer.git
sha1,github.com/pvorb/node-sha1.git
grunt-contrib-jshint,github.com/gruntjs/grunt-contrib-jshint.git
mockjs,github.com/nuysoft/Mock.git
node.extend,github.com/dreamerslab/node.extend.git
connect-redis,github.com/visionmedia/connect-redis.git
babel-plugin-module-resolver,github.com/tleunen/babel-plugin-module-resolver.git
prompts,github.com/terkelg/prompts.git
memoize-one,github.com/alexreardon/memoize-one.git
shell-quote,github.com/substack/node-shell-quote.git
hyperquest,github.com/substack/hyperquest.git
https-proxy-agent,github.com/TooTallNate/node-https-proxy-agent.git
long,github.com/dcodeIO/long.js.git
chai-as-promised,github.com/domenic/chai-as-promised.git
secp256k1,github.com/cryptocoinjs/secp256k1-node.git
http-server,github.com/http-party/http-server.git
utf8,github.com/mathiasbynens/utf8.js.git
type-is,github.com/jshttp/type-is.git
vorpal,github.com/dthree/vorpal.git
rollup-pluginutils,github.com/rollup/rollup-pluginutils.git
finalhandler,github.com/pillarjs/finalhandler.git
tweetnacl,github.com/dchest/tweetnacl-js.git
apollo-link,github.com/apollographql/apollo-link.git
coveralls,github.com/nickmerwin/node-coveralls.git
d3-shape,github.com/d3/d3-shape.git
postcss-normalize,github.com/csstools/postcss-normalize.git
showdown,github.com/showdownjs/showdown.git
promise-polyfill,github.com/taylorhakes/promise-polyfill.git
node-pre-gyp,github.com/mapbox/node-pre-gyp.git
path-is-absolute,github.com/sindresorhus/path-is-absolute.git
@fortawesome/react-fontawesome,github.com/FortAwesome/react-fontawesome.git
preact,github.com/preactjs/preact.git
crc,github.com/alexgorbatchev/node-crc.git
babel-plugin-transform-async-to-generator,github.com/babel/babel/tree/master/packages/babel-plugin-transform-async-to-generator
osenv,github.com/npm/osenv.git
hiredis,github.com/redis/hiredis-node.git
lodash.isempty,github.com/lodash/lodash.git
@babel/traverse,github.com/babel/babel.git
serve-index,github.com/expressjs/serve-index.git
lodash.map,github.com/lodash/lodash.git
highland,github.com/caolan/highland.git
localforage,github.com/localForage/localForage.git
winston-daily-rotate-file,github.com/winstonjs/winston-daily-rotate-file.git
deep-diff,github.com/flitbit/diff.git
passport-oauth,github.com/jaredhanson/passport-oauth.git
passport-strategy,github.com/jaredhanson/passport-strategy.git
iview,github.com/iview/iview.git
dom-helpers,github.com/react-bootstrap/dom-helpers.git
tildify,github.com/sindresorhus/tildify.git
ethereumjs-tx,github.com/ethereumjs/ethereumjs-tx.git
babel-template,github.com/babel/babel/tree/master/packages/babel-template
leveldown,github.com/Level/leveldown.git
gulp-eslint,github.com/adametry/gulp-eslint.git
rc-util,github.com/react-component/util.git
depd,github.com/dougwilson/nodejs-depd.git
content-type,github.com/jshttp/content-type.git
nanoid,github.com/ai/nanoid.git
babel-plugin-syntax-jsx,github.com/babel/babel/tree/master/packages/babel-plugin-syntax-jsx
bl,github.com/rvagg/bl.git
read-pkg,github.com/sindresorhus/read-pkg.git
markdown,github.com/evilstreak/markdown-js.git
jest-environment-jsdom-fourteen,github.com/ianschmitz/jest-environment-jsdom-fourteen.git
react-error-overlay,github.com/facebook/create-react-app.git
serialize-javascript,github.com/yahoo/serialize-javascript.git
nprogress,github.com/rstacruz/nprogress.git
accepts,github.com/jshttp/accepts.git
bizcharts,github.com/alibaba/BizCharts.git
require-all,github.com/felixge/node-require-all.git
base64-js,github.com/beatgammit/base64-js.git
component-emitter,github.com/component/emitter.git
connect-flash,github.com/jaredhanson/connect-flash.git
koa-logger,github.com/koajs/logger.git
react-color,github.com/casesandberg/react-color.git
findup-sync,github.com/gulpjs/findup-sync.git
passport-oauth2,github.com/jaredhanson/passport-oauth2.git
dockerode,github.com/apocas/dockerode.git
enzyme-adapter-react-16,github.com/enzymejs/enzyme.git
etag,github.com/jshttp/etag.git
immutability-helper,github.com/kolodny/immutability-helper.git
grunt-cli,github.com/gruntjs/grunt-cli.git
front-matter,github.com/jxson/front-matter.git
mssql,github.com/tediousjs/node-mssql.git
react-native-vector-icons,github.com/oblador/react-native-vector-icons.git
react-virtualized,github.com/bvaughn/react-virtualized.git
fork-ts-checker-webpack-plugin-alt,github.com/Timer/fork-ts-checker-webpack-plugin.git
slugify,github.com/simov/slugify.git
node-dir,github.com/fshost/node-dir.git
babel-plugin-transform-regenerator,github.com/babel/babel/tree/master/packages/babel-plugin-transform-regenerator
keypress,github.com/TooTallNate/keypress.git
@types/bluebird,github.com/DefinitelyTyped/DefinitelyTyped.git
lodash.foreach,github.com/lodash/lodash.git
grunt-contrib-concat,github.com/gruntjs/grunt-contrib-concat.git
split2,github.com/mcollina/split2.git
extend-shallow,github.com/jonschlinkert/extend-shallow.git
@phosphor/widgets,github.com/phosphorjs/phosphor.git
xregexp,github.com/slevithan/xregexp.git
awesome-typescript-loader,github.com/s-panferov/awesome-typescript-loader.git
hash-sum,github.com/bevacqua/hash-sum.git
apollo-link-http,github.com/apollographql/apollo-link.git
babel-preset-stage-3,github.com/babel/babel/tree/master/packages/babel-preset-stage-3
restler,github.com/danwrong/restler.git
lodash.flatten,github.com/lodash/lodash.git
react-apollo,github.com/apollographql/react-apollo.git
intl,github.com/andyearnshaw/Intl.js.git
babel-plugin-dynamic-import-node,github.com/airbnb/babel-plugin-dynamic-import-node.git
uglify-es,github.com/mishoo/UglifyJS2.git#harmony
react-lifecycles-compat,github.com/reactjs/react-lifecycles-compat.git
lint-staged,github.com/okonet/lint-staged.git
@babel/plugin-proposal-export-default-from,github.com/babel/babel.git
normalize-wheel,
is-promise,github.com/then/is-promise.git
pako,github.com/nodeca/pako.git
pngjs,github.com/lukeapage/pngjs.git
utils-merge,github.com/jaredhanson/utils-merge.git
gray-matter,github.com/jonschlinkert/gray-matter.git
postcss-nested,github.com/postcss/postcss-nested.git
pretty-error,github.com/AriaMinaei/pretty-error.git
rc-slider,github.com/react-component/slider.git
node-static,github.com/cloudhead/node-static.git
decompress,github.com/kevva/decompress.git
gh-pages,github.com/tschaub/gh-pages.git
cli-table2,github.com/jamestalmage/cli-table2.git
os,github.com/DiegoRBaquero/node-os.git
reactstrap,github.com/reactstrap/reactstrap.git
sanitize-html,github.com/apostrophecms/sanitize-html.git
extract-zip,github.com/maxogden/extract-zip.git
gulp-shell,github.com/sun-zheng-an/gulp-shell.git
vue-i18n,github.com/kazupon/vue-i18n.git
@types/mocha,github.com/DefinitelyTyped/DefinitelyTyped.git
http-status-codes,github.com/prettymuchbryce/node-http-status.git
hogan.js,github.com/twitter/hogan.js.git
quill,github.com/quilljs/quill.git
soap,github.com/vpulim/node-soap.git
randombytes,github.com/crypto-browserify/randombytes.git
decamelize,github.com/sindresorhus/decamelize.git
bson,github.com/mongodb/js-bson.git
imagemin-pngquant,github.com/imagemin/imagemin-pngquant.git
arrify,github.com/sindresorhus/arrify.git
bytebuffer,github.com/dcodeIO/bytebuffer.js.git
xml2json,github.com/buglabs/node-xml2json.git
lodash.isobject,github.com/lodash/lodash.git
columnify,github.com/timoxley/columnify.git
fluent-ffmpeg,github.com/fluent-ffmpeg/node-fluent-ffmpeg.git
xml-js,github.com/nashwaan/xml-js.git
sockjs-client,github.com/sockjs/sockjs-client.git
@emotion/styled,github.com/emotion-js/emotion/tree/main/packages/styled
resolve-from,github.com/sindresorhus/resolve-from.git
es6-error,github.com/bjyoungblood/es6-error.git
react-slick,github.com/akiran/react-slick.git
typeorm,github.com/typeorm/typeorm.git
sprintf,github.com/maritz/node-sprintf.git
apollo-cache-inmemory,github.com/apollographql/apollo-client.git
babel-plugin-lodash,github.com/lodash/babel-plugin-lodash.git
hexlet-pairs,github.com/hexlet-components/js-pairs.git
pretty-ms,github.com/sindresorhus/pretty-ms.git
pouchdb,github.com/pouchdb/pouchdb.git
md5-file,github.com/roryrjb/md5-file.git
react-markdown,github.com/remarkjs/react-markdown.git
is,github.com/enricomarino/is.git
yeoman-environment,github.com/yeoman/environment.git
progress-bar-webpack-plugin,github.com/clessg/progress-bar-webpack-plugin.git
left-pad,github.com/stevemao/left-pad.git
stylelint-order,github.com/hudochenkov/stylelint-order.git
follow-redirects,github.com/follow-redirects/follow-redirects.git
stylelint-scss,github.com/kristerkari/stylelint-scss.git
koa-mount,github.com/koajs/mount.git
busboy,github.com/mscdex/busboy.git
sinon-chai,github.com/domenic/sinon-chai.git
jasmine-core,github.com/jasmine/jasmine.git
loose-envify,github.com/zertosh/loose-envify.git
process,github.com/shtylman/node-process.git
envify,github.com/hughsk/envify.git
bufferutil,github.com/websockets/bufferutil.git
normalize-url,github.com/sindresorhus/normalize-url.git
angular-animate,github.com/angular/angular.js.git
tv4,github.com/geraintluff/tv4.git
karma-mocha,github.com/karma-runner/karma-mocha.git
karma-phantomjs-launcher,github.com/karma-runner/karma-phantomjs-launcher.git
ts-pnp,github.com/arcanis/ts-pnp.git
atob,github.comgit://git.coolaj86.com/coolaj86/atob.js.git
connect-mongo,github.com/jdesboeufs/connect-mongo.git
@jupyterlab/application,github.com/jupyterlab/jupyterlab.git
@babel/plugin-proposal-export-namespace-from,github.com/babel/babel.git
http-status,github.com/adaltas/node-http-status.git
bulma,github.com/jgthms/bulma.git
cli-ux,github.com/oclif/cli-ux.git
iniparser,github.com/shockie/node-iniparser.git
nock,github.com/nock/nock.git
object.assign,github.com/ljharb/object.assign.git
flux,github.com/facebook/flux.git
semantic-ui-react,github.com/Semantic-Org/Semantic-UI-React.git
fastclick,github.com/ftlabs/fastclick.git
karma-jasmine,github.com/karma-runner/karma-jasmine.git
fuse.js,github.com/krisk/Fuse.git
inert,github.com/hapijs/inert.git
jwt-simple,github.com/hokaccha/node-jwt-simple.git
isobject,github.com/jonschlinkert/isobject.git
jsdoc,github.com/jsdoc/jsdoc.git
element-resize-detector,github.com/wnr/element-resize-detector.git
react-datepicker,github.com/Hacker0x01/react-datepicker.git
standard,github.com/standard/standard.git
react-onclickoutside,github.com/Pomax/react-onclickoutside.git
react-addons-shallow-compare,github.com/facebook/react.git
dot,github.com/olado/doT.git
browserslist,github.com/browserslist/browserslist.git
firebase-admin,github.com/firebase/firebase-admin-node.git
nib,github.com/visionmedia/nib.git
fuzzy,github.com/mattyork/fuzzy.git
word-wrap,github.com/jonschlinkert/word-wrap.git
ansi-colors,github.com/doowb/ansi-colors.git
tracer,github.com/baryon/tracer.git
yaml,github.com/eemeli/yaml.git
ansi-escapes,github.com/sindresorhus/ansi-escapes.git
jquery-ui,github.com/jquery/jquery-ui.git
raven,github.com/getsentry/raven-js.git
i,github.com/pksunkara/inflect.git
xhr,github.com/naugtur/xhr.git
deep-assign,github.com/sindresorhus/deep-assign.git
inquirer-autocomplete-prompt,github.com/mokkabonna/inquirer-autocomplete-prompt.git
xpath,github.com/goto100/xpath.git
